,index,date,path,file,num,object,filter,disperser,airmass,exposure,focus,seeing,pressure,temperature,humidity,windspd,Obj-posXpix,Obj-posYpix,Dx,Dy,skip,run,quality,skew,skewx,skewy,kurtosis,kurtosisx,kurtosisy,ptskewx,ptskewy,ptkurtx,ptkurty,ptnormx,ptnormy
0,0,2021-03-12T01:19:36.315,/sps/lsst/groups/auxtel/data/2021/ronchi170lpmm/FlipCleans,Cor_ronchi170lpmm_RG610_HD75519_2021-03-11_188.fits,188,HD75519,RG610,ronchi170lpmm,1.03381334821915,5.0,-0.11429201811552,0.6089218258857729,742.85,11.7,50.0,0.9,1800.0,2500.0,,,skip,1.0,0.0,7.489194254242385,2.100382878566252,1.903321221427228,65.28976250054724,3.2915191020084738,2.361956137916078,6.367358462221926e-17,2.9620734830667668e-15,4.734504526460403e-06,9.826069588690121e-05,1.917288992290243e-20,1.5118006854007315e-17
1,1,2021-03-12T01:20:18.220,/sps/lsst/groups/auxtel/data/2021/ronchi170lpmm/FlipCleans,Cor_ronchi170lpmm_RG610_HD75519_2021-03-11_189.fits,189,HD75519,RG610,ronchi170lpmm,1.0333114898506701,5.0,-0.11429201811552,0.6089218258857729,742.85,11.7,55.0,0.8,1800.0,2500.0,,,skip,1.0,0.0,7.61496831995548,2.048036289485612,2.01988845655794,68.76883889594946,3.000024920673231,3.0145058397476925,1.7477315883464492e-16,3.017317563082134e-16,1.1704353072900706e-05,1.117906895828539e-05,1.2329768861360493e-19,2.0215719789758167e-19
2,2,2021-03-12T01:20:33.072,/sps/lsst/groups/auxtel/data/2021/ronchi170lpmm/FlipCleans,Cor_ronchi170lpmm_RG610_HD75519_2021-03-11_190.fits,190,HD75519,RG610,ronchi170lpmm,1.03313610522634,5.0,-0.11429201811552,0.6089218258857729,742.85,11.7,55.0,0.8,1800.0,2500.0,,,skip,1.0,0.0,9.294836784301996,2.309385468852622,2.3401870904522877,104.88646115057973,4.297989664206825,4.6317098548000875,1.218770226734808e-18,6.873506168847365e-19,2.7671946186754164e-07,1.177270354346008e-07,2.515337608162758e-23,6.253271307194561e-24
3,3,2021-03-12T01:52:19.566,/sps/lsst/groups/auxtel/data/2021/ronchi170lpmm/FlipCleans,Cor_ronchi170lpmm_RG610_HD75519_2021-03-11_200.fits,200,HD75519,RG610,ronchi170lpmm,1.01751593638621,5.0,-0.163627207279205,0.6089218258857729,742.8,11.6,49.0,0.3,2100.0,1750.0,,,skip,1.0,0.0,4.759091533238066,1.2981852322914889,1.3849664924935514,25.71566730503988,0.05055508219522764,0.3318045808211698,6.898502014135066e-10,1.1287651230956299e-10,0.6970356135950371,0.2653000727375604,5.0678035566393574e-09,5.018274353542299e-10
4,4,2021-03-12T01:52:28.549,/sps/lsst/groups/auxtel/data/2021/ronchi170lpmm/FlipCleans,Cor_ronchi170lpmm_RG610_HD75519_2021-03-11_201.fits,201,HD75519,RG610,ronchi170lpmm,1.0174742570858,5.0,-0.14362721145152998,0.6089218258857729,742.8,11.6,49.0,0.3,2100.0,1750.0,,,skip,0.0,0.0,5.481522869210313,1.669452758880072,1.5581636986539007,33.36896015419281,1.33191730128826,0.982396544633394,3.217651675108375e-13,3.130527147880479e-12,0.004753317417845634,0.019648825389945078,5.558776061728709e-14,1.8350149165765148e-12
5,5,2021-03-12T01:52:38.095,/sps/lsst/groups/auxtel/data/2021/ronchi170lpmm/FlipCleans,Cor_ronchi170lpmm_RG610_HD75519_2021-03-11_202.fits,202,HD75519,RG610,ronchi170lpmm,1.01743012120026,5.0,-0.12362721562385601,0.6089218258857729,742.8,11.6,49.0,0.3,2100.0,1750.0,,,skip,0.0,0.0,6.984332908349314,1.954663548646211,1.8270902762953762,58.82610224749887,2.678270386918892,2.1253187622577423,1.0782770065222089e-15,1.3450360586981618e-14,3.3345199509963644e-05,0.00022827179984507027,2.0078821341360793e-18,1.4823284608749934e-16
6,6,2021-03-12T01:52:47.124,/sps/lsst/groups/auxtel/data/2021/ronchi170lpmm/FlipCleans,Cor_ronchi170lpmm_RG610_HD75519_2021-03-11_203.fits,203,HD75519,RG610,ronchi170lpmm,1.01738905280419,5.0,-0.1036272123456,0.6089218258857729,742.8,11.6,49.0,0.3,2100.0,1750.0,,,skip,0.0,0.0,5.561566788681597,1.5197771619892877,1.763948045725688,35.09945709759011,0.9559669045884611,1.8252888378721197,6.900734192940213e-12,4.7631588827225716e-14,0.021895765712959155,0.0006935812962811009,4.3766498001492255e-12,1.4520505866831524e-15
7,7,2021-03-12T02:00:08.356,/sps/lsst/groups/auxtel/data/2021/ronchi170lpmm/FlipCleans,Cor_ronchi170lpmm_RG610_HD75519_2021-03-11_204.fits,204,HD75519,RG610,ronchi170lpmm,1.0158764856228601,5.0,-0.0636272132396698,0.6089218258857729,742.75,11.7,49.0,1.2,200.0,1700.0,,,    ,1.0,1.0,8.62709548191195,2.2733002732272154,2.303525370730236,85.59031845916724,4.0881044526286745,4.208687063830447,2.3921450141139632e-18,1.3594879556778381e-18,4.836583446610209e-07,3.502162272584642e-07,8.391523236188567e-23,3.517455268671493e-23
8,8,2021-03-12T02:01:03.092,/sps/lsst/groups/auxtel/data/2021/ronchi170lpmm/FlipCleans,Cor_ronchi170lpmm_RG610_HD75519_2021-03-11_205.fits,205,HD75519,RG610,ronchi170lpmm,1.0157220735413,5.0,-0.163627222180367,0.6089218258857729,742.75,11.8,50.0,0.3,200.0,1700.0,,,    ,1.0,1.0,4.673379228709581,1.3228704157854851,1.5539073899121894,24.015279468781138,0.29265318461166423,1.0293293122490077,4.1198050063322735e-10,3.4168195704654445e-12,0.3066098273645137,0.016214588264817087,1.9601696909834126e-09,1.6896933541570834e-12
9,9,2021-03-12T02:01:12.571,/sps/lsst/groups/auxtel/data/2021/ronchi170lpmm/FlipCleans,Cor_ronchi170lpmm_RG610_HD75519_2021-03-11_206.fits,206,HD75519,RG610,ronchi170lpmm,1.0156959880851701,5.0,-0.14362721145152998,0.6089218258857729,742.75,11.8,50.0,0.5,200.0,1700.0,,,    ,1.0,1.0,5.640229987814382,1.625748129904569,1.777054820851106,35.39846841269435,1.2640236039895463,1.7986547733391127,7.838460385887736e-13,3.660580559411143e-14,0.00624531867606166,0.0007672322775659669,1.7048046494844122e-13,1.2309963536705266e-15
10,10,2021-03-12T02:01:25.066,/sps/lsst/groups/auxtel/data/2021/ronchi170lpmm/FlipCleans,Cor_ronchi170lpmm_RG610_HD75519_2021-03-11_207.fits,207,HD75519,RG610,ronchi170lpmm,1.0156627834971501,5.0,-0.12362721562385601,0.6089218258857729,742.75,11.8,50.0,0.5,200.0,1700.0,,,    ,1.0,1.0,8.084431259091831,2.0441336117955107,2.2428791706685143,75.79323064684893,2.9119733775215657,3.989408122589693,1.8849455435221942e-16,4.235489068311639e-18,1.5508107465508268e-05,6.325702204566761e-07,1.7373818462017778e-19,1.9107009087307227e-22
11,11,2021-03-12T02:01:34.539,/sps/lsst/groups/auxtel/data/2021/ronchi170lpmm/FlipCleans,Cor_ronchi170lpmm_RG610_HD75519_2021-03-11_208.fits,208,HD75519,RG610,ronchi170lpmm,1.01563798488972,5.0,-0.103627219796181,0.6089218258857729,742.75,11.8,50.0,0.5,200.0,1700.0,,,    ,1.0,1.0,7.589199991548392,1.8199733052451563,2.1892870167228056,68.94778141905417,2.107126773419843,3.781979641107018,1.5502982599277097e-14,1.1660564113951636e-17,0.0002438538059512554,1.1261547953808486e-06,1.8135977894718132e-16,9.047682880876066e-22
12,12,2021-03-12T02:01:43.667,/sps/lsst/groups/auxtel/data/2021/ronchi170lpmm/FlipCleans,Cor_ronchi170lpmm_RG610_HD75519_2021-03-11_209.fits,209,HD75519,RG610,ronchi170lpmm,1.01561414918092,5.0,-0.0836272165179253,0.6089218258857729,742.75,11.8,50.0,0.5,200.0,1700.0,,,    ,1.0,1.0,6.269698960906758,1.584247708609534,2.0639876743358334,44.16249437969892,1.048686303835499,3.145499211435718,1.8324984476276024e-12,1.2838119452552852e-16,0.01498070344343468,7.4131248917032415e-06,8.554498495324702e-13,5.879895043019618e-20
13,13,2021-03-12T02:01:53.077,/sps/lsst/groups/auxtel/data/2021/ronchi170lpmm/FlipCleans,Cor_ronchi170lpmm_RG610_HD75519_2021-03-11_210.fits,210,HD75519,RG610,ronchi170lpmm,1.01558998358473,5.0,-0.0636272206902504,0.6089218258857729,742.75,11.8,50.0,0.5,200.0,1700.0,,,    ,1.0,1.0,9.440917760891717,2.2532332483297353,2.542770904632748,104.88930258090977,3.976934333530589,5.633886224130045,3.486019863062864e-18,1.696194614564338e-20,6.545756044879438e-07,1.1253040357442581e-08,1.6293389734869215e-22,1.6535791134474035e-26
14,14,2021-03-12T02:02:02.543,/sps/lsst/groups/auxtel/data/2021/ronchi170lpmm/FlipCleans,Cor_ronchi170lpmm_RG610_HD75519_2021-03-11_211.fits,211,HD75519,RG610,ronchi170lpmm,1.01556613421571,5.0,-0.0436272211372852,0.6089218258857729,742.75,11.8,50.0,0.5,200.0,1700.0,,,    ,1.0,1.0,10.023563540403096,2.3651129075073984,2.5648828277723155,121.00117134067968,4.571993567762779,5.811625965268863,4.3323270092589657e-19,1.1400999632644712e-20,1.3678512177298613e-07,7.651718072745746e-09,4.582811531416583e-24,7.673348796371029e-27
15,15,2021-03-12T02:02:11.707,/sps/lsst/groups/auxtel/data/2021/ronchi170lpmm/FlipCleans,Cor_ronchi170lpmm_RG610_HD75519_2021-03-11_212.fits,212,HD75519,RG610,ronchi170lpmm,1.01554322178635,5.0,-0.0236272215843201,0.6089218258857729,742.75,11.8,50.0,0.5,200.0,1700.0,,,    ,1.0,1.0,7.569653683387598,2.059913960713332,1.9160398320465326,69.64646235175633,3.249027913540255,2.459481438661445,1.3889516976993338e-16,2.3046060520371837e-15,5.388842076496327e-06,7.002530243795687e-05,4.6832763732066594e-20,8.572641525548447e-18
16,16,2021-03-12T02:02:20.726,/sps/lsst/groups/auxtel/data/2021/ronchi170lpmm/FlipCleans,Cor_ronchi170lpmm_RG610_HD75519_2021-03-11_213.fits,213,HD75519,RG610,ronchi170lpmm,1.01552098451038,5.0,-0.0036272215656936203,0.6089218258857729,742.75,11.7,49.0,0.8,200.0,1700.0,,,    ,1.0,1.0,9.486041593438983,2.645594574766687,2.2265179821122274,104.67436000294911,6.267173787349883,3.6494182112981504,2.704135603816916e-21,5.7651146118740065e-18,2.9560540563514803e-09,1.6432611622248715e-06,7.328170383728982e-28,6.492861690929452e-22
17,17,2021-03-12T02:02:30.345,/sps/lsst/groups/auxtel/data/2021/ronchi170lpmm/FlipCleans,Cor_ronchi170lpmm_RG610_HD75519_2021-03-11_214.fits,214,HD75519,RG610,ronchi170lpmm,1.0154975893216,5.0,0.0163727775216103,0.6089218258857729,742.75,11.7,49.0,0.8,200.0,1700.0,,,    ,1.0,1.0,9.6768830855836,2.5964047945439632,2.356566554027353,107.87556179706252,5.776720435605787,4.435716786573057,6.486016350443741e-21,5.074206729705375e-19,8.248301133142994e-09,1.9353975930405555e-07,4.725342253450709e-27,7.49369162594831e-24
18,18,2021-03-12T02:02:39.259,/sps/lsst/groups/auxtel/data/2021/ronchi170lpmm/FlipCleans,Cor_ronchi170lpmm_RG610_HD75519_2021-03-11_215.fits,215,HD75519,RG610,ronchi170lpmm,1.01547595807236,5.0,0.0363727770745754,0.6089218258857729,742.75,11.7,49.0,0.8,200.0,1700.0,,,    ,1.0,1.0,8.179923421215436,2.3365604770545096,2.1107318651368274,75.15983301986348,4.223974017377758,3.081190791042962,7.352014067515838e-19,5.2197764840150216e-17,3.3630488640651187e-07,9.06024770386942e-06,1.8431640828186533e-23,2.932385300339259e-20
19,19,2021-03-12T02:07:37.537,/sps/lsst/groups/auxtel/data/2021/ronchi170lpmm/FlipCleans,Cor_ronchi170lpmm_RG610_HD75519_2021-03-11_216.fits,216,HD75519,RG610,ronchi170lpmm,1.01492532512326,5.0,-0.263627231121063,0.6089218258857729,742.75,11.7,50.0,0.9,100.0,1700.0,,,skip,0.0,0.0,,,,,,,,,,,,
20,20,2021-03-12T02:07:46.520,/sps/lsst/groups/auxtel/data/2021/ronchi170lpmm/FlipCleans,Cor_ronchi170lpmm_RG610_HD75519_2021-03-11_217.fits,217,HD75519,RG610,ronchi170lpmm,1.0149136449487,5.0,-0.24362722039222698,0.6089218258857729,742.75,11.7,50.0,0.9,100.0,1700.0,,,skip,0.0,0.0,1.695565106343899,0.3405587746245567,0.3002653017403667,1.8658878277626902,-1.4830918645729363,-1.5700229638359209,0.14786792590899195,0.1998340270522756,6.866785364719043e-42,1.837492684084214e-126,4.1180310091660063e-41,2.426197567754402e-125
21,21,2021-03-12T02:07:56.080,/sps/lsst/groups/auxtel/data/2021/ronchi170lpmm/FlipCleans,Cor_ronchi170lpmm_RG610_HD75519_2021-03-11_218.fits,218,HD75519,RG610,ronchi170lpmm,1.01490156343272,5.0,-0.223627224564552,0.6089218258857729,742.75,11.7,50.0,0.9,100.0,1700.0,,,skip,0.0,0.0,2.060965731087528,0.4302823792369349,0.6015946150992242,3.5750954123036847,-1.4404802265791536,-1.0846983356080557,0.0709414916406063,0.014179948829504277,4.6744256737948034e-30,7.4656381874216656e-06,1.316646391289164e-29,2.1655643372310598e-06
22,22,2021-03-12T02:08:05.549,/sps/lsst/groups/auxtel/data/2021/ronchi170lpmm/FlipCleans,Cor_ronchi170lpmm_RG610_HD75519_2021-03-11_219.fits,219,HD75519,RG610,ronchi170lpmm,1.01488999946225,5.0,-0.203627228736877,0.6089218258857729,742.75,11.7,50.0,0.9,100.0,1700.0,,,skip,0.0,0.0,,,,,,,,,,,,
23,23,2021-03-12T02:08:14.673,/sps/lsst/groups/auxtel/data/2021/ronchi170lpmm/FlipCleans,Cor_ronchi170lpmm_RG610_HD75519_2021-03-11_220.fits,220,HD75519,RG610,ronchi170lpmm,1.01487898984601,5.0,-0.18362721800804102,0.6089218258857729,742.75,11.7,51.0,0.8,100.0,1700.0,,,skip,0.0,0.0,2.177667604014433,0.3265205077132478,0.8445078314468791,3.8133242146650046,-1.5860389047145067,-0.7938457804013148,0.16457365949758984,0.001044667362633582,1.3511210830137845e-187,0.017240516704075653,1.885241921572689e-186,0.0002721383901807853
24,24,2021-03-12T02:08:24.308,/sps/lsst/groups/auxtel/data/2021/ronchi170lpmm/FlipCleans,Cor_ronchi170lpmm_RG610_HD75519_2021-03-11_221.fits,221,HD75519,RG610,ronchi170lpmm,1.0148678834642901,5.0,-0.163627222180367,0.6089218258857729,742.75,11.7,51.0,0.8,100.0,1700.0,,,skip,0.0,0.0,2.516892770684137,0.5099577750377721,0.8824072407682245,6.115743833448493,-1.3218225403740949,-0.6872062350783366,0.0345845263984069,0.000680095419496479,4.083742869082414e-15,0.06463421364218623,4.3773263100477824e-15,0.0005650590131092281
25,25,2021-03-12T02:08:33.212,/sps/lsst/groups/auxtel/data/2021/ronchi170lpmm/FlipCleans,Cor_ronchi170lpmm_RG610_HD75519_2021-03-11_222.fits,222,HD75519,RG610,ronchi170lpmm,1.01485794041078,5.0,-0.14362722635269198,0.6089218258857729,742.75,11.7,51.0,0.8,100.0,1700.0,,,skip,0.0,0.0,,,,,,,,,,,,
26,26,2021-03-12T02:08:42.267,/sps/lsst/groups/auxtel/data/2021/ronchi170lpmm/FlipCleans,Cor_ronchi170lpmm_RG610_HD75519_2021-03-11_223.fits,223,HD75519,RG610,ronchi170lpmm,1.01484784415181,5.0,-0.12362722307443598,0.6089218258857729,742.75,11.7,51.0,0.8,100.0,1700.0,,,skip,0.0,0.0,,,,,,,,,,,,
27,27,2021-03-12T02:08:51.794,/sps/lsst/groups/auxtel/data/2021/ronchi170lpmm/FlipCleans,Cor_ronchi170lpmm_RG610_HD75519_2021-03-11_224.fits,224,HD75519,RG610,ronchi170lpmm,1.01483784233745,5.0,-0.103627227246761,0.6089218258857729,742.75,11.7,51.0,0.8,100.0,1700.0,,,skip,0.0,0.0,,,,,,,,,,,,
28,28,2021-03-12T02:09:00.972,/sps/lsst/groups/auxtel/data/2021/ronchi170lpmm/FlipCleans,Cor_ronchi170lpmm_RG610_HD75519_2021-03-11_225.fits,225,HD75519,RG610,ronchi170lpmm,1.01482841016552,5.0,-0.0836272239685059,0.6089218258857729,742.75,11.7,51.0,0.8,100.0,1700.0,,,skip,0.0,0.0,,,,,,,,,,,,
29,29,2021-03-12T02:09:09.968,/sps/lsst/groups/auxtel/data/2021/ronchi170lpmm/FlipCleans,Cor_ronchi170lpmm_RG610_HD75519_2021-03-11_226.fits,226,HD75519,RG610,ronchi170lpmm,1.01481942765686,5.0,-0.063627228140831,0.6089218258857729,742.75,11.7,51.0,0.8,100.0,1700.0,,,skip,0.0,0.0,,,,,,,,,,,,
30,30,2021-03-12T02:09:19.024,/sps/lsst/groups/auxtel/data/2021/ronchi170lpmm/FlipCleans,Cor_ronchi170lpmm_RG610_HD75519_2021-03-11_227.fits,227,HD75519,RG610,ronchi170lpmm,1.01481054600531,5.0,-0.0436272285878658,0.6089218258857729,742.75,11.7,51.0,1.0,100.0,1700.0,,,skip,0.0,0.0,,,,,,,,,,,,
31,31,2021-03-12T02:09:28.107,/sps/lsst/groups/auxtel/data/2021/ronchi170lpmm/FlipCleans,Cor_ronchi170lpmm_RG610_HD75519_2021-03-11_228.fits,228,HD75519,RG610,ronchi170lpmm,1.01480215343648,5.0,-0.0236272290349007,0.6089218258857729,742.75,11.7,51.0,1.0,100.0,1700.0,,,skip,0.0,0.0,,,,,,,,,,,,
32,32,2021-03-12T02:09:37.123,/sps/lsst/groups/auxtel/data/2021/ronchi170lpmm/FlipCleans,Cor_ronchi170lpmm_RG610_HD75519_2021-03-11_229.fits,229,HD75519,RG610,ronchi170lpmm,1.01479409712605,5.0,-0.0036272290162742103,0.6089218258857729,742.75,11.7,51.0,1.0,100.0,1700.0,,,skip,0.0,0.0,,,,,,,,,,,,
33,33,2021-03-12T02:09:46.801,/sps/lsst/groups/auxtel/data/2021/ronchi170lpmm/FlipCleans,Cor_ronchi170lpmm_RG610_HD75519_2021-03-11_230.fits,230,HD75519,RG610,ronchi170lpmm,1.01478577490965,5.0,0.0163727700710297,0.6089218258857729,742.75,11.7,51.0,1.0,100.0,1700.0,,,skip,0.0,0.0,,,,,,,,,,,,
34,34,2021-03-12T02:09:55.707,/sps/lsst/groups/auxtel/data/2021/ronchi170lpmm/FlipCleans,Cor_ronchi170lpmm_RG610_HD75519_2021-03-11_231.fits,231,HD75519,RG610,ronchi170lpmm,1.01477827453896,5.0,0.0363727696239948,0.6089218258857729,742.75,11.7,51.0,1.0,100.0,1700.0,,,skip,0.0,0.0,,,,,,,,,,,,
35,35,2021-03-12T02:10:05.242,/sps/lsst/groups/auxtel/data/2021/ronchi170lpmm/FlipCleans,Cor_ronchi170lpmm_RG610_HD75519_2021-03-11_232.fits,232,HD75519,RG610,ronchi170lpmm,1.01477079051111,5.0,0.05637276917696,0.6089218258857729,742.75,11.7,51.0,1.0,100.0,1700.0,,,skip,0.0,0.0,,,,,,,,,,,,
36,36,2021-03-12T02:10:14.155,/sps/lsst/groups/auxtel/data/2021/ronchi170lpmm/FlipCleans,Cor_ronchi170lpmm_RG610_HD75519_2021-03-11_233.fits,233,HD75519,RG610,ronchi170lpmm,1.0147638834305799,5.0,0.0763727724552155,0.6089218258857729,742.75,11.6,51.0,1.3,100.0,1700.0,,,skip,0.0,0.0,,,,,,,,,,,,
37,37,2021-03-12T02:10:23.897,/sps/lsst/groups/auxtel/data/2021/ronchi170lpmm/FlipCleans,Cor_ronchi170lpmm_RG610_HD75519_2021-03-11_234.fits,234,HD75519,RG610,ronchi170lpmm,1.01475669405329,5.0,0.0963727682828903,0.6089218258857729,742.75,11.6,51.0,1.3,100.0,1700.0,,,skip,0.0,0.0,,,,,,,,,,,,
38,38,2021-03-12T02:10:32.835,/sps/lsst/groups/auxtel/data/2021/ronchi170lpmm/FlipCleans,Cor_ronchi170lpmm_RG610_HD75519_2021-03-11_235.fits,235,HD75519,RG610,ronchi170lpmm,1.01475053492945,5.0,0.11637277156114599,0.6089218258857729,742.75,11.6,51.0,1.3,100.0,1700.0,,,skip,0.0,0.0,,,,,,,,,,,,
39,39,2021-03-12T02:10:41.829,/sps/lsst/groups/auxtel/data/2021/ronchi170lpmm/FlipCleans,Cor_ronchi170lpmm_RG610_HD75519_2021-03-11_236.fits,236,HD75519,RG610,ronchi170lpmm,1.01474455686479,5.0,0.136372774839401,0.6089218258857729,742.75,11.6,51.0,1.3,100.0,1700.0,,,skip,0.0,0.0,,,,,,,,,,,,
40,40,2021-03-12T02:12:55.272,/sps/lsst/groups/auxtel/data/2021/ronchi170lpmm/FlipCleans,Cor_ronchi170lpmm_RG610_HD75519_2021-03-11_237.fits,237,HD75519,RG610,ronchi170lpmm,1.01468964356853,25.0,-0.263627231121063,0.6089218258857729,742.8,11.6,50.0,1.5,100.0,1700.0,,,skip,0.0,0.0,,,,,,,,,,,,
41,41,2021-03-12T02:13:24.878,/sps/lsst/groups/auxtel/data/2021/ronchi170lpmm/FlipCleans,Cor_ronchi170lpmm_RG610_HD75519_2021-03-11_238.fits,238,HD75519,RG610,ronchi170lpmm,1.01468611077683,25.0,-0.243627235293388,0.6089218258857729,742.75,11.6,51.0,1.9,100.0,1700.0,,,skip,0.0,0.0,,,,,,,,,,,,
42,42,2021-03-12T02:13:54.363,/sps/lsst/groups/auxtel/data/2021/ronchi170lpmm/FlipCleans,Cor_ronchi170lpmm_RG610_HD75519_2021-03-11_239.fits,239,HD75519,RG610,ronchi170lpmm,1.01468571989021,25.0,-0.22362723946571397,0.6089218258857729,742.75,11.6,51.0,1.9,100.0,1700.0,,,skip,0.0,0.0,,,,,,,,,,,,
43,43,2021-03-12T02:14:23.894,/sps/lsst/groups/auxtel/data/2021/ronchi170lpmm/FlipCleans,Cor_ronchi170lpmm_RG610_HD75519_2021-03-11_240.fits,240,HD75519,RG610,ronchi170lpmm,1.01468845971577,25.0,-0.203627228736877,0.6089218258857729,742.75,11.7,50.0,1.6,100.0,1700.0,,,skip,0.0,0.0,,,,,,,,,,,,
44,44,2021-03-12T02:14:52.838,/sps/lsst/groups/auxtel/data/2021/ronchi170lpmm/FlipCleans,Cor_ronchi170lpmm_RG610_HD75519_2021-03-11_241.fits,241,HD75519,RG610,ronchi170lpmm,1.01469418849337,25.0,-0.183627232909203,0.6089218258857729,742.75,11.7,50.0,1.6,100.0,1700.0,,,skip,0.0,0.0,,,,,,,,,,,,
45,45,2021-03-12T02:15:22.506,/sps/lsst/groups/auxtel/data/2021/ronchi170lpmm/FlipCleans,Cor_ronchi170lpmm_RG610_HD75519_2021-03-11_242.fits,242,HD75519,RG610,ronchi170lpmm,1.01470314705345,25.0,-0.16362723708152802,0.6089218258857729,742.75,11.7,51.0,1.4,100.0,1700.0,,,skip,0.0,0.0,,,,,,,,,,,,
46,46,2021-03-12T02:15:51.673,/sps/lsst/groups/auxtel/data/2021/ronchi170lpmm/FlipCleans,Cor_ronchi170lpmm_RG610_HD75519_2021-03-11_243.fits,243,HD75519,RG610,ronchi170lpmm,1.0147150611901299,25.0,-0.14362724125385298,0.6089218258857729,742.75,11.7,51.0,1.4,100.0,1700.0,,,skip,0.0,0.0,,,,,,,,,,,,
47,47,2021-03-12T02:16:20.767,/sps/lsst/groups/auxtel/data/2021/ronchi170lpmm/FlipCleans,Cor_ronchi170lpmm_RG610_HD75519_2021-03-11_244.fits,244,HD75519,RG610,ronchi170lpmm,1.0147299179007299,25.0,-0.12362723797559699,0.6089218258857729,742.75,11.6,50.0,1.5,100.0,1700.0,,,skip,0.0,0.0,,,,,,,,,,,,
48,48,2021-03-12T02:16:50.340,/sps/lsst/groups/auxtel/data/2021/ronchi170lpmm/FlipCleans,Cor_ronchi170lpmm_RG610_HD75519_2021-03-11_245.fits,245,HD75519,RG610,ronchi170lpmm,1.0147482005473198,25.0,-0.10362723469734199,0.6089218258857729,742.75,11.6,50.0,1.5,100.0,1700.0,,,skip,0.0,0.0,,,,,,,,,,,,
49,49,2021-03-12T02:17:20.093,/sps/lsst/groups/auxtel/data/2021/ronchi170lpmm/FlipCleans,Cor_ronchi170lpmm_RG610_HD75519_2021-03-11_246.fits,246,HD75519,RG610,ronchi170lpmm,1.0147696593459101,25.0,-0.0836272388696671,0.6089218258857729,742.75,11.6,51.0,1.3,100.0,1700.0,,,skip,0.0,0.0,,,,,,,,,,,,
50,50,2021-03-12T02:17:50.002,/sps/lsst/groups/auxtel/data/2021/ronchi170lpmm/FlipCleans,Cor_ronchi170lpmm_RG610_HD75519_2021-03-11_247.fits,247,HD75519,RG610,ronchi170lpmm,1.01479458099307,25.0,-0.0636272355914116,0.6089218258857729,742.75,11.6,51.0,1.3,100.0,1700.0,,,skip,0.0,0.0,,,,,,,,,,,,
51,51,2021-03-12T02:18:18.901,/sps/lsst/groups/auxtel/data/2021/ronchi170lpmm/FlipCleans,Cor_ronchi170lpmm_RG610_HD75519_2021-03-11_248.fits,248,HD75519,RG610,ronchi170lpmm,1.01482154733711,25.0,-0.0436272397637367,0.6089218258857729,742.75,11.6,51.0,1.3,100.0,1700.0,,,skip,0.0,0.0,,,,,,,,,,,,
52,52,2021-03-12T02:18:48.651,/sps/lsst/groups/auxtel/data/2021/ronchi170lpmm/FlipCleans,Cor_ronchi170lpmm_RG610_HD75519_2021-03-11_249.fits,249,HD75519,RG610,ronchi170lpmm,1.01485258577919,25.0,-0.0236272402107716,0.6089218258857729,742.75,11.6,51.0,1.3,100.0,1700.0,,,skip,0.0,0.0,,,,,,,,,,,,
53,53,2021-03-12T02:19:17.846,/sps/lsst/groups/auxtel/data/2021/ronchi170lpmm/FlipCleans,Cor_ronchi170lpmm_RG610_HD75519_2021-03-11_250.fits,250,HD75519,RG610,ronchi170lpmm,1.01488608345719,25.0,-0.00362724019214511,0.6089218258857729,742.75,11.5,52.0,1.6,100.0,1700.0,,,skip,0.0,0.0,,,,,,,,,,,,
54,54,2021-03-12T02:19:46.942,/sps/lsst/groups/auxtel/data/2021/ronchi170lpmm/FlipCleans,Cor_ronchi170lpmm_RG610_HD75519_2021-03-11_251.fits,251,HD75519,RG610,ronchi170lpmm,1.01492239732942,25.0,0.0163727588951588,0.6089218258857729,742.75,11.5,52.0,1.6,100.0,1700.0,,,skip,0.0,0.0,,,,,,,,,,,,
55,55,2021-03-12T02:20:16.111,/sps/lsst/groups/auxtel/data/2021/ronchi170lpmm/FlipCleans,Cor_ronchi170lpmm_RG610_HD75519_2021-03-11_252.fits,252,HD75519,RG610,ronchi170lpmm,1.01496199957763,25.0,0.0363727584481239,0.6089218258857729,742.75,11.5,49.0,1.4,100.0,1700.0,,,skip,0.0,0.0,,,,,,,,,,,,
56,56,2021-03-12T02:20:45.228,/sps/lsst/groups/auxtel/data/2021/ronchi170lpmm/FlipCleans,Cor_ronchi170lpmm_RG610_HD75519_2021-03-11_253.fits,253,HD75519,RG610,ronchi170lpmm,1.0150046648056499,25.0,0.0563727580010891,0.6089218258857729,742.75,11.5,49.0,1.4,100.0,1700.0,,,skip,0.0,0.0,,,,,,,,,,,,
57,57,2021-03-12T02:21:14.248,/sps/lsst/groups/auxtel/data/2021/ronchi170lpmm/FlipCleans,Cor_ronchi170lpmm_RG610_HD75519_2021-03-11_254.fits,254,HD75519,RG610,ronchi170lpmm,1.0150500649657699,25.0,0.0763727575540543,0.6089218258857729,742.75,11.5,52.0,1.3,100.0,1700.0,,,skip,0.0,0.0,,,,,,,,,,,,
58,58,2021-03-12T02:21:43.355,/sps/lsst/groups/auxtel/data/2021/ronchi170lpmm/FlipCleans,Cor_ronchi170lpmm_RG610_HD75519_2021-03-11_255.fits,255,HD75519,RG610,ronchi170lpmm,1.01509848745916,25.0,0.0963727608323097,0.6089218258857729,742.75,11.5,52.0,1.3,100.0,1700.0,,,skip,0.0,0.0,,,,,,,,,,,,
59,59,2021-03-12T02:22:13.199,/sps/lsst/groups/auxtel/data/2021/ronchi170lpmm/FlipCleans,Cor_ronchi170lpmm_RG610_HD75519_2021-03-11_256.fits,256,HD75519,RG610,ronchi170lpmm,1.01515141627261,25.0,0.116372756659985,0.6089218258857729,742.75,11.5,50.0,1.2,100.0,1700.0,,,skip,0.0,0.0,,,,,,,,,,,,
60,60,2021-03-12T02:22:42.038,/sps/lsst/groups/auxtel/data/2021/ronchi170lpmm/FlipCleans,Cor_ronchi170lpmm_RG610_HD75519_2021-03-11_257.fits,257,HD75519,RG610,ronchi170lpmm,1.0152056746023799,25.0,0.13637275993824002,0.6089218258857729,742.75,11.5,50.0,1.2,100.0,1700.0,,,skip,0.0,0.0,,,,,,,,,,,,
61,61,2021-03-12T02:25:01.311,/sps/lsst/groups/auxtel/data/2021/ronchi170lpmm/FlipCleans,Cor_ronchi170lpmm_RG610_HD75519_2021-03-11_258.fits,258,HD75519,RG610,ronchi170lpmm,1.015319013997,5.0,-0.0636272430419922,0.6089218258857729,742.75,11.5,54.0,1.3,2200.0,1700.0,,,skip,0.0,0.0,9.05697386631984,2.342699011843045,2.18218069483194,99.35459623475646,4.472880943049022,3.7464235126669108,6.560595260864233e-19,1.3344405715143603e-17,1.7594683963033482e-07,1.2453807913967298e-06,8.808499022672172e-24,1.1386625688526133e-21
62,62,2021-03-12T02:26:52.471,/sps/lsst/groups/auxtel/data/2021/ronchi170lpmm/FlipCleans,Cor_ronchi170lpmm_RG610_HD75519_2021-03-11_259.fits,259,HD75519,RG610,ronchi170lpmm,1.01578512248155,5.0,-0.0636272430419922,0.6089218258857729,742.75,11.5,54.0,1.5,100.0,1700.0,,,skip,0.0,0.0,4.09914935567689,1.1122899854887336,1.278608320850743,19.422510186010815,-0.19068437201657096,0.337999211368468,4.701464022933451e-05,6.576291250584072e-06,0.8917473967955425,0.3282740024518833,0.0002505930091541544,2.4078453361274393e-05
63,63,2021-03-12T02:28:09.532,/sps/lsst/groups/auxtel/data/2021/ronchi170lpmm/FlipCleans,Cor_ronchi170lpmm_RG610_HD75519_2021-03-11_260.fits,260,HD75519,RG610,ronchi170lpmm,1.01600517348913,5.0,-0.0636272430419922,0.6089218258857729,742.7,11.5,50.0,1.4,200.0,1700.0,,,    ,1.0,1.0,9.746798588558503,2.2660241705771877,2.4843382831983396,117.59220106468538,4.054634703455808,5.520596584539353,2.741764796852229e-18,4.877344484041887e-20,5.295226805395949e-07,1.4454425402165742e-08,1.0477991458500594e-22,5.991885841175134e-26
64,64,2021-03-12T02:28:48.618,/sps/lsst/groups/auxtel/data/2021/ronchi170lpmm/FlipCleans,Cor_ronchi170lpmm_RG610_HD75519_2021-03-11_261.fits,261,HD75519,RG610,ronchi170lpmm,1.0161204579754999,5.0,-0.0636272430419922,0.6089218258857729,742.7,11.5,48.0,1.4,200.0,1700.0,,,    ,1.0,1.0,9.769066935864366,2.3448753333190058,2.6679067003623063,110.61790778598619,4.4056692684903505,6.2767906935708915,6.301120208732797e-19,1.8222651997310872e-21,2.091174212930296e-07,2.8989058818890168e-09,1.0002153789689044e-23,4.865916884917373e-28
65,65,2021-03-12T02:31:45.865,/sps/lsst/groups/auxtel/data/2021/ronchi170lpmm/FlipCleans,Cor_ronchi170lpmm_RG610_HD75519_2021-03-11_262.fits,262,HD75519,RG610,ronchi170lpmm,1.0167534658792199,25.0,-0.263627231121063,0.6089218258857729,742.7,11.8,49.0,1.6,300.0,1800.0,,,skip,0.0,0.0,3.500520159347948,1.0372772972080988,1.0601888928508736,12.121083874078096,-0.6087549266854198,-0.6178765227012257,1.5905694950624514e-07,9.894700430958663e-08,0.019132240089214894,0.016444108242473318,6.944791521600142e-08,3.842272460142246e-08
66,66,2021-03-12T02:32:14.768,/sps/lsst/groups/auxtel/data/2021/ronchi170lpmm/FlipCleans,Cor_ronchi170lpmm_RG610_HD75519_2021-03-11_263.fits,263,HD75519,RG610,ronchi170lpmm,1.01686709247429,25.0,-0.24362725019454998,0.6089218258857729,742.7,11.9,48.0,1.6,300.0,1800.0,,,skip,0.0,0.0,3.670689732901237,1.0635929842919587,1.2591476643077875,13.124342698690217,-0.551586316016365,-0.0716268168939651,9.220048092024617e-08,1.5597328274449282e-09,0.04453178761910215,0.9865179061041971,8.473438947254453e-08,1.210972510309544e-08
67,67,2021-03-12T02:32:44.376,/sps/lsst/groups/auxtel/data/2021/ronchi170lpmm/FlipCleans,Cor_ronchi170lpmm_RG610_HD75519_2021-03-11_264.fits,264,HD75519,RG610,ronchi170lpmm,1.01698703818768,25.0,-0.22362723946571397,0.6089218258857729,742.7,11.9,48.0,1.6,300.0,1800.0,,,skip,0.0,0.0,4.131779356979834,1.1931677866276642,1.4046683587892923,17.422444178348155,-0.22006352624974923,0.37458311965447555,6.194862299435213e-09,7.491254421170122e-11,0.6185934107376101,0.22587017168737267,4.098043145645228e-08,3.0022301045222444e-10
68,68,2021-03-12T02:33:13.844,/sps/lsst/groups/auxtel/data/2021/ronchi170lpmm/FlipCleans,Cor_ronchi170lpmm_RG610_HD75519_2021-03-11_265.fits,265,HD75519,RG610,ronchi170lpmm,1.01710927137153,25.0,-0.20362724363803897,0.6089218258857729,742.7,12.0,50.0,1.6,300.0,1800.0,,,skip,1.0,0.0,4.34870532051261,1.2555840031218917,1.4268637915112667,19.941358150773784,-0.029857481636074823,0.44129453204811675,1.6803610906220291e-09,4.72295601863483e-11,0.8816386976689684,0.17487149825869097,1.2879838885047708e-08,1.5858905246365444e-10
69,69,2021-03-12T02:33:43.257,/sps/lsst/groups/auxtel/data/2021/ronchi170lpmm/FlipCleans,Cor_ronchi170lpmm_RG610_HD75519_2021-03-11_266.fits,266,HD75519,RG610,ronchi170lpmm,1.01723487549985,25.0,-0.183627247810364,0.6089218258857729,742.7,12.0,50.0,1.6,300.0,1800.0,,,skip,0.0,0.0,4.971896023057054,1.680622176705266,1.4268925055305555,26.12374894856214,1.4202845773196593,0.44226323566922865,2.564525334053392e-13,4.720140218058631e-11,0.0033404939534401466,0.1742159444247109,3.229359400074779e-14,1.5805273128691798e-10
70,70,2021-03-12T02:34:12.421,/sps/lsst/groups/auxtel/data/2021/ronchi170lpmm/FlipCleans,Cor_ronchi170lpmm_RG610_HD75519_2021-03-11_267.fits,267,HD75519,RG610,ronchi170lpmm,1.01736251445044,25.0,-0.163627251982689,0.6089218258857729,742.7,12.0,52.0,1.3,250.0,1800.0,,,    ,1.0,1.0,4.832403322989011,1.5058145292344514,1.4163690010174446,25.544161510811104,0.845942657289469,0.5216819337875647,9.205370201185349e-12,5.873654883530395e-11,0.03436985614844791,0.12762374774727886,8.56393285798006e-12,1.5437214360741874e-10
71,71,2021-03-12T02:34:41.512,/sps/lsst/groups/auxtel/data/2021/ronchi170lpmm/FlipCleans,Cor_ronchi170lpmm_RG610_HD75519_2021-03-11_268.fits,268,HD75519,RG610,ronchi170lpmm,1.0174923462066,25.0,-0.14362724125385298,0.6089218258857729,742.7,12.0,52.0,1.3,250.0,1800.0,,,    ,1.0,1.0,5.693175795287874,1.64504341765466,1.882355109322376,34.64895063411234,1.185899402942658,2.214078971852934,5.28794495906612e-13,4.484139431478653e-15,0.008566352459609667,0.00016581695456544053,1.5381341354428955e-13,3.7237036974196054e-17
72,72,2021-03-12T02:35:10.639,/sps/lsst/groups/auxtel/data/2021/ronchi170lpmm/FlipCleans,Cor_ronchi170lpmm_RG610_HD75519_2021-03-11_269.fits,269,HD75519,RG610,ronchi170lpmm,1.01762615848415,25.0,-0.12362724542617802,0.6089218258857729,742.7,12.0,52.0,1.3,250.0,1800.0,,,    ,1.0,1.0,6.696408841060975,1.8103141402811445,2.0866735850699207,48.77064535560421,1.7966583194345587,2.9973714280458204,1.8802607167978533e-14,8.28873058465154e-17,0.0007730696189626997,1.1803378754574162e-05,6.437712783151384e-16,5.956491002513676e-20
73,73,2021-03-12T02:35:39.746,/sps/lsst/groups/auxtel/data/2021/ronchi170lpmm/FlipCleans,Cor_ronchi170lpmm_RG610_HD75519_2021-03-11_270.fits,270,HD75519,RG610,ronchi170lpmm,1.01776212255391,25.0,-0.103627249598503,0.6089218258857729,742.7,12.0,51.0,1.4,250.0,1800.0,,,    ,1.0,1.0,7.831151550292945,2.0719816460389735,2.264615510745088,69.23232504190592,3.002190345057441,3.9374595327731647,1.1002089799524648e-16,2.815185461240329e-18,1.1624186966648028e-05,7.296838144708212e-07,7.761177723351374e-20,1.4649529782904455e-22
74,74,2021-03-12T02:36:08.899,/sps/lsst/groups/auxtel/data/2021/ronchi170lpmm/FlipCleans,Cor_ronchi170lpmm_RG610_HD75519_2021-03-11_271.fits,271,HD75519,RG610,ronchi170lpmm,1.01790212849039,25.0,-0.0836272463202477,0.6089218258857729,742.7,12.0,51.0,1.4,250.0,1800.0,,,    ,1.0,1.0,9.430815116362378,2.3228910616750227,2.637996495442207,101.19670428603533,4.2249397029528515,6.005568668796036,9.477954615381216e-19,3.0940946124601683e-21,3.3544587898347437e-07,5.071315850634748e-09,2.3628928642042893e-23,1.4158996849013423e-27
75,75,2021-03-12T02:36:38.134,/sps/lsst/groups/auxtel/data/2021/ronchi170lpmm/FlipCleans,Cor_ronchi170lpmm_RG610_HD75519_2021-03-11_272.fits,272,HD75519,RG610,ronchi170lpmm,1.0180452441085501,25.0,-0.0636272504925728,0.6089218258857729,742.7,12.0,51.0,1.3,250.0,1800.0,,,    ,1.0,1.0,9.953637020868975,2.4950814011309324,2.5740169718750705,112.3652573223969,5.108127019888034,5.571224990594937,4.013698289733129e-20,9.679201170713696e-21,3.710579991673053e-08,1.291866783873172e-08,1.2339842288541782e-25,1.0858217467796434e-26
76,76,2021-03-12T02:37:07.225,/sps/lsst/groups/auxtel/data/2021/ronchi170lpmm/FlipCleans,Cor_ronchi170lpmm_RG610_HD75519_2021-03-11_273.fits,273,HD75519,RG610,ronchi170lpmm,1.01819043803883,25.0,-0.0436272509396076,0.6089218258857729,742.7,12.0,51.0,1.3,250.0,1800.0,,,    ,1.0,1.0,8.837452282194086,2.270906315447071,2.342726004997201,91.78526960058487,4.051907938696576,4.48784534711683,2.50191342871558e-18,6.557311886080615e-19,5.334557374037133e-07,1.6934650952744912e-07,9.640991697175178e-23,8.484629342897672e-24
77,77,2021-03-12T02:37:36.328,/sps/lsst/groups/auxtel/data/2021/ronchi170lpmm/FlipCleans,Cor_ronchi170lpmm_RG610_HD75519_2021-03-11_274.fits,274,HD75519,RG610,ronchi170lpmm,1.0183399923583298,25.0,-0.0236272513866425,0.6089218258857729,742.65,11.9,51.0,1.4,250.0,1800.0,,,    ,1.0,1.0,9.821887113047035,2.4093080170169214,2.609083735695141,110.28909020576545,4.681395368319145,5.842191713535001,1.9192463343388797e-19,5.173381251316668e-21,1.040073257574242e-07,7.166752468369525e-09,1.5727493561688756e-24,3.295723925414126e-27
78,78,2021-03-12T02:38:05.425,/sps/lsst/groups/auxtel/data/2021/ronchi170lpmm/FlipCleans,Cor_ronchi170lpmm_RG610_HD75519_2021-03-11_275.fits,275,HD75519,RG610,ronchi170lpmm,1.01849115786366,25.0,-0.003627251368016,0.6089218258857729,742.65,11.9,51.0,1.4,250.0,1800.0,,,    ,1.0,1.0,9.579638380827122,2.4761117701309723,2.447837287915296,105.42862766665455,5.086335583669474,4.8953966870358245,5.663538673910806e-20,9.479327542301284e-20,3.9056132345748934e-08,6.15730547090862e-08,1.8226737877759046e-25,4.714513109076235e-25
79,79,2021-03-12T02:38:34.539,/sps/lsst/groups/auxtel/data/2021/ronchi170lpmm/FlipCleans,Cor_ronchi170lpmm_RG610_HD75519_2021-03-11_276.fits,276,HD75519,RG610,ronchi170lpmm,1.0186467181074799,25.0,0.0163727477192879,0.6089218258857729,742.7,11.9,52.0,1.4,200.0,1800.0,,,    ,0.0,1.0,9.506211101693804,2.579000739111864,2.382179725306163,102.45705820401963,5.611544123606379,4.474605868567641,8.852895669013262e-21,3.161532979592208e-19,1.18192621019584e-08,1.7517238861596139e-07,9.118038276876135e-27,4.2642753865056205e-24
80,80,2021-03-12T02:39:03.636,/sps/lsst/groups/auxtel/data/2021/ronchi170lpmm/FlipCleans,Cor_ronchi170lpmm_RG610_HD75519_2021-03-11_277.fits,277,HD75519,RG610,ronchi170lpmm,1.0188042868423102,25.0,0.036372747272253,0.6089218258857729,742.7,11.9,52.0,1.4,200.0,1800.0,,,    ,1.0,1.0,9.377354608825982,2.588382286205331,2.266186817686006,101.70358524755883,5.7294638418154555,3.951958120351562,7.485358205902637e-21,2.7334127169515644e-18,9.135504175393055e-09,7.010946526802098e-07,6.013355502307707e-27,1.3691779650687018e-22
81,81,2021-03-12T02:39:32.732,/sps/lsst/groups/auxtel/data/2021/ronchi170lpmm/FlipCleans,Cor_ronchi170lpmm_RG610_HD75519_2021-03-11_278.fits,278,HD75519,RG610,ronchi170lpmm,1.01896631241209,25.0,0.0563727468252182,0.6089218258857729,742.7,12.0,55.0,1.5,200.0,1800.0,,,    ,1.0,1.0,8.599098009215465,2.6630577340654673,2.124211874585284,81.9352417747634,6.115205104034038,3.122250756758511,1.9852522403820603e-21,4.031115586423683e-17,4.036316775476749e-09,7.969019172020397e-06,7.309991176171947e-28,2.0102704434199017e-20
82,82,2021-03-12T02:40:01.877,/sps/lsst/groups/auxtel/data/2021/ronchi170lpmm/FlipCleans,Cor_ronchi170lpmm_RG610_HD75519_2021-03-11_279.fits,279,HD75519,RG610,ronchi170lpmm,1.01913003347434,25.0,0.0763727501034737,0.6089218258857729,742.7,12.0,55.0,1.5,200.0,1800.0,,,    ,1.0,1.0,8.316205941770136,2.282812128670054,2.2192324381611295,77.49969130467527,3.9648162907491216,3.5904873306103777,2.001877035642699e-18,6.61513512049578e-18,6.767262113986067e-07,1.948497911175909e-06,9.729570348656125e-23,8.759885686530221e-22
83,83,2021-03-12T02:40:31.045,/sps/lsst/groups/auxtel/data/2021/ronchi170lpmm/FlipCleans,Cor_ronchi170lpmm_RG610_HD75519_2021-03-11_280.fits,280,HD75519,RG610,ronchi170lpmm,1.01929800167026,25.0,0.0963727459311485,0.6089218258857729,742.7,11.9,55.0,1.5,200.0,1800.0,,,    ,1.0,1.0,6.770460393499216,2.073396150123152,1.9005409239703808,51.12976591026161,2.951537066344808,2.3089548768068484,1.0705897299061452e-16,3.1293039197886467e-15,1.3659745282995871e-05,0.00011837237942597653,8.812740328900073e-20,1.9023243050717767e-17
84,84,2021-03-12T02:41:00.031,/sps/lsst/groups/auxtel/data/2021/ronchi170lpmm/FlipCleans,Cor_ronchi170lpmm_RG610_HD75519_2021-03-11_281.fits,281,HD75519,RG610,ronchi170lpmm,1.01946797571089,25.0,0.116372749209404,0.6089218258857729,742.7,11.9,55.0,1.5,200.0,1800.0,,,    ,1.0,1.0,5.594973573534701,1.8617404130218016,1.650304081824625,33.008949209144575,2.022079756469222,1.2358934829757047,6.748838055347131e-15,4.750521323432523e-13,0.00033281762798548453,0.006996425184442708,1.0706975788544562e-16,1.154807466471708e-13
85,85,2021-03-12T02:41:29.145,/sps/lsst/groups/auxtel/data/2021/ronchi170lpmm/FlipCleans,Cor_ronchi170lpmm_RG610_HD75519_2021-03-11_282.fits,282,HD75519,RG610,ronchi170lpmm,1.01964101322045,25.0,0.136372745037079,0.6089218258857729,742.7,11.9,55.0,1.3,200.0,1800.0,,,    ,1.0,1.0,4.923131921341743,1.6238246111046446,1.456636802105146,25.375166407725764,1.078132125968783,0.5433457714857579,8.152499623832863e-13,2.5463873139312478e-11,0.01328294209098193,0.11711945349962223,3.474856662024584e-13,6.371317604634786e-11
